<?xml version="1.0" encoding="UTF-8" standalone="no"?>
<catalog prefer="public" xmlns="urn:oasis:names:tc:entity:xmlns:xml:catalog">
    <group id="Folder Repository, directory=, recursive=true, Auto-Update=true, version=2" prefer="public" xml:base="">
        <uri id="Automatically generated entry, Timestamp=1426772386959" name="criterion" uri="criterion.owl"/>
        <uri id="Automatically generated entry, Timestamp=1426772386959" name="criterion_setter" uri="criterion_setter.owl"/>
        <uri id="Automatically generated entry, Timestamp=1426772386959" name="http://aims.fao.org/aos/v1.0/" uri="aos.owl"/>
        <uri id="Automatically generated entry, Timestamp=1426772386959" name="http://delicias.dia.fi.upm.es/ontologies/ObjectWithStates.owl" uri="ObjectWithStates.owl"/>
        <uri id="Automatically generated entry, Timestamp=1426772386959" name="http://delicias.dia.fi.upm.es/ontologies/PeriodicInterval.owl" uri="PeriodicInterval.owl"/>
        <uri id="Automatically generated entry, Timestamp=1426772386959" name="http://delicias.dia.fi.upm.es/ontologies/SimpleOrAggregated.owl" uri="SimpleOrAggregated.owl"/>
        <uri id="Automatically generated entry, Timestamp=1426772386959" name="http://ontologydesignpatterns.org/template" uri="template_instance_odp.owl"/>
        <uri id="Automatically generated entry, Timestamp=1426772386959" name="http://purl.org/biomass/ReactorPattern" uri="Reactor.owl"/>
        <uri id="Automatically generated entry, Timestamp=1426772386959" name="http://purl.org/biomass/SEP" uri="Standards-Enforcer-Pattern.owl"/>
        <uri id="Automatically generated entry, Timestamp=1426772386959" name="http://purl.org/net/roles" uri="roles.owl"/>
        <uri id="Automatically generated entry, Timestamp=1426772386959" name="http://purl.org/net/social-reality" uri="social-reality.owl"/>
        <uri id="Automatically generated entry, Timestamp=1426772386959" name="http://www.cs.ubbcluj.ro/~ivpop/ontologies/oopmetrics.owl" uri="oopmetrics.owl"/>
        <uri id="Automatically generated entry, Timestamp=1426772386959" name="http://www.descartes-core.org/patterns/owl/transportPattern" uri="transportPattern.owl"/>
        <uri id="Automatically generated entry, Timestamp=1426772386959" name="http://www.essepuntato.it/2010/06/literalreification" uri="literalreification.owl"/>
        <uri id="Automatically generated entry, Timestamp=1426772386959" name="http://www.ontology.se/odp/content/owl/Action" uri="Action.owl"/>
        <uri id="Automatically generated entry, Timestamp=1426772386959" name="http://www.ontology.se/odp/content/owl/ParticipantRole" uri="ParticipantRole.owl"/>
        <uri id="Automatically generated entry, Timestamp=1426772386959" name="http://www.ontologydesignpatterns.org/cp/owl/actingfor.owl" uri="actingfor.owl"/>
        <uri id="Automatically generated entry, Timestamp=1426772386959" name="http://www.ontologydesignpatterns.org/cp/owl/agentrole.owl" uri="agentrole.owl"/>
        <uri id="Automatically generated entry, Timestamp=1426772386959" name="http://www.ontologydesignpatterns.org/cp/owl/bag.owl" uri="bag.owl"/>
        <uri id="Automatically generated entry, Timestamp=1426772386959" name="http://www.ontologydesignpatterns.org/cp/owl/basicplan.owl" uri="basicplan.owl"/>
        <uri id="Automatically generated entry, Timestamp=1426772386959" name="http://www.ontologydesignpatterns.org/cp/owl/basicplanexecution.owl" uri="basicplanexecution.owl"/>
        <uri id="Automatically generated entry, Timestamp=1426772386959" name="http://www.ontologydesignpatterns.org/cp/owl/classification.owl" uri="classification.owl"/>
        <uri id="Automatically generated entry, Timestamp=1426772386959" name="http://www.ontologydesignpatterns.org/cp/owl/collectionentity.owl" uri="collectionentity.owl"/>
        <uri id="Automatically generated entry, Timestamp=1426772386959" name="http://www.ontologydesignpatterns.org/cp/owl/communities.owl" uri="communities.owl"/>
        <uri id="Automatically generated entry, Timestamp=1426772386959" name="http://www.ontologydesignpatterns.org/cp/owl/componency.owl" uri="componency.owl"/>
        <uri id="Automatically generated entry, Timestamp=1426772386959" name="http://www.ontologydesignpatterns.org/cp/owl/constituency.owl" uri="constituency.owl"/>
        <uri id="Automatically generated entry, Timestamp=1426772386959" name="http://www.ontologydesignpatterns.org/cp/owl/controlflow.owl" uri="controlflow.owl"/>
        <uri id="Automatically generated entry, Timestamp=1426772386959" name="http://www.ontologydesignpatterns.org/cp/owl/coparticipation.owl" uri="coparticipation.owl"/>
        <uri id="Automatically generated entry, Timestamp=1426772386959" name="http://www.ontologydesignpatterns.org/cp/owl/countingas.owl" uri="countingas.owl"/>
        <uri id="Automatically generated entry, Timestamp=1426772386959" name="http://www.ontologydesignpatterns.org/cp/owl/description.owl" uri="description.owl"/>
        <uri id="Automatically generated entry, Timestamp=1426772386959" name="http://www.ontologydesignpatterns.org/cp/owl/descriptionandsituation.owl" uri="descriptionandsituation.owl"/>
        <uri id="Automatically generated entry, Timestamp=1426772386959" name="http://www.ontologydesignpatterns.org/cp/owl/eventprocessing.owl" uri="eventprocessing.owl"/>
        <uri id="Automatically generated entry, Timestamp=1426772386959" name="http://www.ontologydesignpatterns.org/cp/owl/fsdas/aquaticresourceobservation.owl" uri="aquaticresourceobservation.owl"/>
        <uri id="Automatically generated entry, Timestamp=1426772386959" name="http://www.ontologydesignpatterns.org/cp/owl/fsdas/aquaticresources.owl" uri="aquaticresources.owl"/>
        <uri id="Automatically generated entry, Timestamp=1426772386959" name="http://www.ontologydesignpatterns.org/cp/owl/fsdas/catchrecord.owl" uri="catchrecord.owl"/>
        <uri id="Automatically generated entry, Timestamp=1426772386959" name="http://www.ontologydesignpatterns.org/cp/owl/fsdas/climaticzone.owl" uri="climaticzone.owl"/>
        <uri id="Automatically generated entry, Timestamp=1426772386959" name="http://www.ontologydesignpatterns.org/cp/owl/fsdas/gearspecies.owl" uri="gearspecies.owl"/>
        <uri id="Automatically generated entry, Timestamp=1426772386959" name="http://www.ontologydesignpatterns.org/cp/owl/fsdas/gearvessel.owl" uri="gearvessel.owl"/>
        <uri id="Automatically generated entry, Timestamp=1426772386959" name="http://www.ontologydesignpatterns.org/cp/owl/fsdas/gearwaterarea.owl" uri="gearwaterarea.owl"/>
        <uri id="Automatically generated entry, Timestamp=1426772386959" name="http://www.ontologydesignpatterns.org/cp/owl/fsdas/resourceabundanceobservation.owl" uri="resourceabundanceobservation.owl"/>
        <uri id="Automatically generated entry, Timestamp=1426772386959" name="http://www.ontologydesignpatterns.org/cp/owl/fsdas/resourceexploitationobservation.owl" uri="resourceexploitationobservation.owl"/>
        <uri id="Automatically generated entry, Timestamp=1426772386959" name="http://www.ontologydesignpatterns.org/cp/owl/fsdas/rtmsmapping.owl" uri="rtmsmapping.owl"/>
        <uri id="Automatically generated entry, Timestamp=1426772386959" name="http://www.ontologydesignpatterns.org/cp/owl/fsdas/speciesbathymetry.owl" uri="speciesbathymetry.owl"/>
        <uri id="Automatically generated entry, Timestamp=1426772386959" name="http://www.ontologydesignpatterns.org/cp/owl/fsdas/speciesconditions.owl" uri="speciesconditions.owl"/>
        <uri id="Automatically generated entry, Timestamp=1426772386959" name="http://www.ontologydesignpatterns.org/cp/owl/fsdas/speciesconservation.owl" uri="speciesconservation.owl"/>
        <uri id="Automatically generated entry, Timestamp=1426772386959" name="http://www.ontologydesignpatterns.org/cp/owl/fsdas/specieseat.owl" uri="specieseat.owl"/>
        <uri id="Automatically generated entry, Timestamp=1426772386959" name="http://www.ontologydesignpatterns.org/cp/owl/fsdas/specieshabitat.owl" uri="specieshabitat.owl"/>
        <uri id="Automatically generated entry, Timestamp=1426772386959" name="http://www.ontologydesignpatterns.org/cp/owl/fsdas/speciesnames.owl" uri="speciesnames.owl"/>
        <uri id="Automatically generated entry, Timestamp=1426772386959" name="http://www.ontologydesignpatterns.org/cp/owl/fsdas/verticaldistribution.owl" uri="verticaldistribution.owl"/>
        <uri id="Automatically generated entry, Timestamp=1426772386959" name="http://www.ontologydesignpatterns.org/cp/owl/fsdas/vesselspecies.owl" uri="vesselspecies.owl"/>
        <uri id="Automatically generated entry, Timestamp=1426772386959" name="http://www.ontologydesignpatterns.org/cp/owl/fsdas/vesselwaterarea.owl" uri="vesselwaterarea.owl"/>
        <uri id="Automatically generated entry, Timestamp=1426772386959" name="http://www.ontologydesignpatterns.org/cp/owl/gotop.owl" uri="gotop.owl"/>
        <uri id="Automatically generated entry, Timestamp=1426772386959" name="http://www.ontologydesignpatterns.org/cp/owl/informationobjectsandrepresentationlanguages.owl" uri="informationobjectsandrepresentationlanguages.owl"/>
        <uri id="Automatically generated entry, Timestamp=1426772386959" name="http://www.ontologydesignpatterns.org/cp/owl/informationrealization.owl" uri="informationrealization.owl"/>
        <uri id="Automatically generated entry, Timestamp=1426772386959" name="http://www.ontologydesignpatterns.org/cp/owl/intensionextension.owl" uri="intensionextension.owl"/>
        <uri id="Automatically generated entry, Timestamp=1426772386959" name="http://www.ontologydesignpatterns.org/cp/owl/invoice.owl" uri="invoice.owl"/>
        <uri id="Automatically generated entry, Timestamp=1426772386959" name="http://www.ontologydesignpatterns.org/cp/owl/linnaeantaxonomy.owl" uri="linnaeantaxonomy.owl"/>
        <uri id="Automatically generated entry, Timestamp=1426772386959" name="http://www.ontologydesignpatterns.org/cp/owl/list.owl" uri="list.owl"/>
        <uri id="Automatically generated entry, Timestamp=1426772386959" name="http://www.ontologydesignpatterns.org/cp/owl/move.owl" uri="move.owl"/>
        <uri id="Automatically generated entry, Timestamp=1426772386959" name="http://www.ontologydesignpatterns.org/cp/owl/naryparticipation.owl" uri="naryparticipation.owl"/>
        <uri id="Automatically generated entry, Timestamp=1426772386959" name="http://www.ontologydesignpatterns.org/cp/owl/objectrole.owl" uri="objectrole.owl"/>
        <uri id="Automatically generated entry, Timestamp=1426772386959" name="http://www.ontologydesignpatterns.org/cp/owl/observation.owl" uri="observation.owl"/>
        <uri id="Automatically generated entry, Timestamp=1426772386959" name="http://www.ontologydesignpatterns.org/cp/owl/parameter.owl" uri="parameter.owl"/>
        <uri id="Automatically generated entry, Timestamp=1426772386959" name="http://www.ontologydesignpatterns.org/cp/owl/participation.owl" uri="participation.owl"/>
        <uri id="Automatically generated entry, Timestamp=1426772386959" name="http://www.ontologydesignpatterns.org/cp/owl/partof.owl" uri="partof.owl"/>
        <uri id="Automatically generated entry, Timestamp=1426772386959" name="http://www.ontologydesignpatterns.org/cp/owl/persons.owl" uri="persons.owl"/>
        <uri id="Automatically generated entry, Timestamp=1426772386959" name="http://www.ontologydesignpatterns.org/cp/owl/place.owl" uri="place.owl"/>
        <uri id="Automatically generated entry, Timestamp=1426772386959" name="http://www.ontologydesignpatterns.org/cp/owl/planconditions.owl" uri="planconditions.owl"/>
        <uri id="Automatically generated entry, Timestamp=1426772386959" name="http://www.ontologydesignpatterns.org/cp/owl/price.owl" uri="price.owl"/>
        <uri id="Automatically generated entry, Timestamp=1426772386959" name="http://www.ontologydesignpatterns.org/cp/owl/region.owl" uri="region.owl"/>
        <uri id="Automatically generated entry, Timestamp=1426772386959" name="http://www.ontologydesignpatterns.org/cp/owl/sequence.owl" uri="sequence.owl"/>
        <uri id="Automatically generated entry, Timestamp=1426772386959" name="http://www.ontologydesignpatterns.org/cp/owl/set.owl" uri="set.owl"/>
        <uri id="Automatically generated entry, Timestamp=1426772386959" name="http://www.ontologydesignpatterns.org/cp/owl/situation.owl" uri="situation.owl"/>
        <uri id="Automatically generated entry, Timestamp=1426772386959" name="http://www.ontologydesignpatterns.org/cp/owl/tagging.owl" uri="tagging.owl"/>
        <uri id="Automatically generated entry, Timestamp=1426772386959" name="http://www.ontologydesignpatterns.org/cp/owl/taskexecution.owl" uri="taskexecution.owl"/>
        <uri id="Automatically generated entry, Timestamp=1426772386959" name="http://www.ontologydesignpatterns.org/cp/owl/taskrole.owl" uri="taskrole.owl"/>
        <uri id="Automatically generated entry, Timestamp=1426772386959" name="http://www.ontologydesignpatterns.org/cp/owl/timeindexedclassification.owl" uri="timeindexedclassification.owl"/>
        <uri id="Automatically generated entry, Timestamp=1426772386959" name="http://www.ontologydesignpatterns.org/cp/owl/timeindexedparticipation.owl" uri="timeindexedparticipation.owl"/>
        <uri id="Automatically generated entry, Timestamp=1426772386959" name="http://www.ontologydesignpatterns.org/cp/owl/timeindexedpartof.owl" uri="timeindexedpartof.owl"/>
        <uri id="Automatically generated entry, Timestamp=1426772386959" name="http://www.ontologydesignpatterns.org/cp/owl/timeindexedpersonrole.owl" uri="timeindexedpersonrole.owl"/>
        <uri id="Automatically generated entry, Timestamp=1426772386959" name="http://www.ontologydesignpatterns.org/cp/owl/timeindexedsituation.owl" uri="timeindexedsituation.owl"/>
        <uri id="Automatically generated entry, Timestamp=1426772386959" name="http://www.ontologydesignpatterns.org/cp/owl/timeinterval.owl" uri="timeinterval.owl"/>
        <uri id="Automatically generated entry, Timestamp=1426772386959" name="http://www.ontologydesignpatterns.org/cp/owl/topic.owl" uri="topic.owl"/>
        <uri id="Automatically generated entry, Timestamp=1426772386959" name="http://www.ontologydesignpatterns.org/cp/owl/transition.owl" uri="transition.owl"/>
        <uri id="Automatically generated entry, Timestamp=1426772386959" name="http://www.ontologydesignpatterns.org/cp/owl/typesofentities.owl" uri="typesofentities.owl"/>
    </group>
</catalog>
