"Tidstämpel","Which of the following competency questions do the eCareRemix ontologies fulfill?","Which of the two ontology variants did you find easiest to understand when answering the above given question?"
"2016/05/26 3:36:31 em EET","Which books contain the article ""The Semantic Web""?;Which jobs have Jim Hendler had?;How many articles are in the ""Proceedings of 2016 ESWC""?","The template-based variant was easiest to understand"
"2016/05/26 3:40:08 em EET","For how long did Tim Berners-Lee work as a professor?;Which books contain the article ""The Semantic Web""?;Which jobs have Jim Hendler had?;How many articles are in the ""Proceedings of 2016 ESWC""?","The template-based variant was easiest to understand"
"2016/05/26 3:47:01 em EET","Which books contain the article ""The Semantic Web""?;Which jobs have Jim Hendler had?;How many people work at the W3C?;When was ""The Semantic Web"" published?;How many articles are in the ""Proceedings of 2016 ESWC""?","The two variants were equally easy/difficult to understand"
"2016/05/26 3:51:30 em EET","Which books contain the article ""The Semantic Web""?;How many articles are in the ""Proceedings of 2016 ESWC""?","The template-based variant was easiest to understand"
"2016/05/26 4:19:17 em EET","For how long did Tim Berners-Lee work as a professor?;Which books contain the article ""The Semantic Web""?;Which jobs have Jim Hendler had?;How many articles are in the ""Proceedings of 2016 ESWC""?","The template-based variant was easiest to understand"