<?xml version="1.0" encoding="UTF-8"?>
<rdf:RDF
  xmlns:owl="http://www.w3.org/2002/07/owl#"
  xmlns:rdf="http://www.w3.org/1999/02/22-rdf-syntax-ns#"
  xmlns:rdfs="http://www.w3.org/2000/01/rdf-schema#"
  xmlns="http://lsdis.cs.uga.edu/projects/semdis/opus#"
  xmlns:dc="http://purl.org/dc/elements/1.1/"
  xmlns:opus="http://lsdis.cs.uga.edu/projects/semdis/opus#">


  <owl:Ontology rdf:about="http://lsdis.cs.uga.edu/projects/semdis/opus#">
    <rdfs:label>SwetoDblp Ontology</rdfs:label>
    <rdfs:comment>This file specifies in RDF Schema format the classes and properties for SwetoDblp.
    These classes and properties are based on the internal LSDIS Library portal engine.
    Contact Person is Boanerges Aleman-Meza (baleman at uga dot edu).
    </rdfs:comment>
    <owl:versionInfo>2007-05-01</owl:versionInfo>
    <dc:creator>Boanerges Aleman-Meza</dc:creator>
  </owl:Ontology>


  <owl:Class rdf:about="http://lsdis.cs.uga.edu/projects/semdis/opus#Article">
    <rdfs:label>Article</rdfs:label>
    <rdfs:subClassOf rdf:resource="http://lsdis.cs.uga.edu/projects/semdis/opus#Publication"/>
    <rdfs:comment>An article from a journal or magazine.</rdfs:comment>
    <owl:equivalentClass rdf:resource="http://knowledgeweb.semanticweb.org/semanticportal/OWL/Documentation_Ontology.owl#Article_in_Journal" />
    <owl:equivalentClass rdf:resource="http://sw-portal.deri.org/ontologies/swportal#Article" />
    <owl:equivalentClass rdf:resource="http://purl.org/net/nknouf/ns/bibtex#Article" />
  </owl:Class>

  <owl:Class rdf:about="http://lsdis.cs.uga.edu/projects/semdis/opus#Article_in_Proceedings">
    <rdfs:label>Article in Proceedings</rdfs:label>
    <rdfs:comment>An article in the proceedings of a meeting, such as a conference, workhshop and symposium.</rdfs:comment>
    <rdfs:subClassOf rdf:resource="http://lsdis.cs.uga.edu/projects/semdis/opus#Publication"/>
    <owl:equivalentClass rdf:resource="http://sw-portal.deri.org/ontologies/swportal#Inproceedings" />
    <owl:equivalentClass rdf:resource="http://purl.org/net/nknouf/ns/bibtex#Inproceedings" />
  </owl:Class>

  <owl:Class rdf:about="http://lsdis.cs.uga.edu/projects/semdis/opus#Book">
    <rdfs:subClassOf rdf:resource="http://lsdis.cs.uga.edu/projects/semdis/opus#Publication"/>
    <rdfs:label>Book</rdfs:label>
    <rdfs:comment>A book with an explicit publisher.</rdfs:comment>
    <owl:equivalentClass rdf:resource="http://www.marcont.org/ontology/marcont.owl#Book" />
    <owl:equivalentClass rdf:resource="http://knowledgeweb.semanticweb.org/semanticportal/OWL/Documentation_Ontology.owl#Book" />
    <owl:equivalentClass rdf:resource="http://swrc.ontoware.org/ontology#Book" />
    <owl:equivalentClass rdf:resource="http://www.aktors.org/ontology/portal#Book" />
    <owl:equivalentClass rdf:resource="http://purl.org/net/nknouf/ns/bibtex#Book" />
  </owl:Class>

  <owl:Class rdf:about="http://lsdis.cs.uga.edu/projects/semdis/opus#Book_Chapter">
    <rdfs:label>Book Chapter</rdfs:label>
    <rdfs:subClassOf rdf:resource="http://lsdis.cs.uga.edu/projects/semdis/opus#Publication"/>
    <rdfs:comment>A part of a book, such as a chapter (or section/preface) and/or a range of pages.</rdfs:comment>
    <owl:equivalentClass rdf:resource="http://knowledgeweb.semanticweb.org/semanticportal/OWL/Documentation_Ontology.owl#Article_in_Book" />
    <owl:equivalentClass rdf:resource="http://purl.org/net/nknouf/ns/bibtex#Inbook" />
  </owl:Class>

  <owl:Class rdf:about="http://lsdis.cs.uga.edu/projects/semdis/opus#Doctoral_Dissertation">
    <rdfs:comment>A dissertation written to receive a PhD.</rdfs:comment>
    <rdfs:subClassOf rdf:resource="http://lsdis.cs.uga.edu/projects/semdis/opus#Thesis"/>
    <rdfs:label>Doctoral Dissertation</rdfs:label>
    <owl:equivalentClass rdf:resource="http://knowledgeweb.semanticweb.org/semanticportal/OWL/Documentation_Ontology.owl#PhD_Thesis" />
    <owl:equivalentClass rdf:resource="http://swrc.ontoware.org/ontology#PhDThesis" />
    <owl:equivalentClass rdf:resource="http://sw-portal.deri.org/ontologies/swportal#PhDThesis" />
    <owl:equivalentClass rdf:resource="http://purl.org/net/nknouf/ns/bibtex#Phdthesis" />
  </owl:Class>

  <owl:Class rdf:about="http://lsdis.cs.uga.edu/projects/semdis/opus#Edited_Book">
    <rdfs:subClassOf rdf:resource="http://lsdis.cs.uga.edu/projects/semdis/opus#Edited_Publication"/>
    <rdfs:subClassOf rdf:resource="http://lsdis.cs.uga.edu/projects/semdis/opus#Book"/>
    <rdfs:label>Edited Book</rdfs:label>
    <rdfs:comment>An edited book with an explicit publisher.</rdfs:comment>
    <owl:equivalentClass rdf:resource="http://www.aktors.org/ontology/portal#Edited-Book" />
  </owl:Class>

  <owl:Class rdf:about="http://lsdis.cs.uga.edu/projects/semdis/opus#Edited_Publication">
    <rdfs:label>Edited Publication</rdfs:label>
    <rdfs:subClassOf rdf:resource="http://lsdis.cs.uga.edu/projects/semdis/opus#Publication"/>
    <rdfs:comment>An edited publication, that is, it has one or more editors (edited books, etc)</rdfs:comment>
  </owl:Class>

  <owl:Class rdf:about="http://lsdis.cs.uga.edu/projects/semdis/opus#Journal">
    <rdfs:subClassOf rdf:resource="http://lsdis.cs.uga.edu/projects/semdis/opus#Serial_Publication"/>
    <rdfs:comment>A periodical presenting articles on a particular subject.</rdfs:comment>
    <rdfs:label>Journal</rdfs:label>
    <owl:equivalentClass rdf:resource="http://www.aktors.org/ontology/portal#Journal" />
    <owl:equivalentClass rdf:resource="http://sw-portal.deri.org/ontologies/swportal#Journal" />
  </owl:Class>

  <owl:Class rdf:about="http://lsdis.cs.uga.edu/projects/semdis/opus#Masters_Thesis">
    <rdfs:subClassOf rdf:resource="http://lsdis.cs.uga.edu/projects/semdis/opus#Thesis"/>
    <rdfs:comment>A thesis written to receive a Master's degree.</rdfs:comment>
    <rdfs:label>Masters Thesis</rdfs:label>
    <owl:equivalentClass rdf:resource="http://knowledgeweb.semanticweb.org/semanticportal/OWL/Documentation_Ontology.owl#Master_Thesis" />
    <owl:equivalentClass rdf:resource="http://swrc.ontoware.org/ontology#MasterThesis" />
    <owl:equivalentClass rdf:resource="http://sw-portal.deri.org/ontologies/swportal#MasterThesis" />
    <owl:equivalentClass rdf:resource="http://purl.org/net/nknouf/ns/bibtex#Mastersthesis" />
  </owl:Class>

  <owl:Class rdf:about="http://lsdis.cs.uga.edu/projects/semdis/opus#Proceedings">
    <rdfs:subClassOf rdf:resource="http://lsdis.cs.uga.edu/projects/semdis/opus#Publication"/>
    <rdfs:label>Proceedings</rdfs:label>
    <rdfs:comment>A written account of what transpired at a meeting.</rdfs:comment>
    <owl:equivalentClass rdf:resource="http://swrc.ontoware.org/ontology#Proceedings" />
    <owl:equivalentClass rdf:resource="http://sw-portal.deri.org/ontologies/swportal#Proceedings" />
    <owl:equivalentClass rdf:resource="http://purl.org/net/nknouf/ns/bibtex#Proceedings" />
  </owl:Class>

  <owl:Class rdf:about="http://lsdis.cs.uga.edu/projects/semdis/opus#Publication">
    <rdfs:label>Publication</rdfs:label>
    <rdfs:subClassOf rdf:resource="http://xmlns.com/foaf/0.1/Document"/>
    <rdfs:comment>Individual documents and collections of documents such as series, journals, etc.</rdfs:comment>
    <owl:equivalentClass rdf:resource="http://knowledgeweb.semanticweb.org/semanticportal/OWL/Documentation_Ontology.owl#Publication" />
    <owl:equivalentClass rdf:resource="http://swrc.ontoware.org/ontology#Publication" />
    <owl:equivalentClass rdf:resource="http://www.aktors.org/ontology/portal#Publication" />
    <owl:equivalentClass rdf:resource="http://sw-portal.deri.org/ontologies/swportal#Publication" />
  </owl:Class>

  <owl:Class rdf:about="http://lsdis.cs.uga.edu/projects/semdis/opus#Publishing_Organization">
    <rdfs:subClassOf rdf:resource="http://xmlns.com/foaf/0.1/Organization"/>
    <rdfs:label>Publisher</rdfs:label>
    <rdfs:comment>An organization that, among other things, creates publishing periodicals, books or music.</rdfs:comment>
    <owl:equivalentClass rdf:resource="http://www.aktors.org/ontology/portal#Publishing-House" />
  </owl:Class>

  <owl:Class rdf:about="http://lsdis.cs.uga.edu/projects/semdis/opus#School">
    <rdfs:label>School</rdfs:label>
    <rdfs:subClassOf rdf:resource="http://xmlns.com/foaf/0.1/Organization"/>
    <rdfs:comment>An organization where individuals receive education.</rdfs:comment>
  </owl:Class>

  <owl:Class rdf:about="http://lsdis.cs.uga.edu/projects/semdis/opus#Serial_Publication">
    <rdfs:label>Serial Publication</rdfs:label>
    <rdfs:subClassOf rdf:resource="http://lsdis.cs.uga.edu/projects/semdis/opus#Publication"/>
    <rdfs:comment>A periodical that appears at scheduled times.</rdfs:comment>
  </owl:Class>

  <owl:Class rdf:about="http://lsdis.cs.uga.edu/projects/semdis/opus#Series">
    <rdfs:comment>Publication Series, such as LNCS, WEUR Workshops, etc. (at this time debatable whether this should be subclassof Publication)</rdfs:comment>
    <rdfs:label>Series</rdfs:label>
  </owl:Class>

  <owl:Class rdf:about="http://lsdis.cs.uga.edu/projects/semdis/opus#Thesis">
    <rdfs:label>Thesis</rdfs:label>
    <rdfs:subClassOf rdf:resource="http://lsdis.cs.uga.edu/projects/semdis/opus#Publication"/>
    <rdfs:comment>A treatise advancing a new point of view resulting from research; usually a requirement for an advanced academic degree.</rdfs:comment>
    <owl:equivalentClass rdf:resource="http://knowledgeweb.semanticweb.org/semanticportal/OWL/Documentation_Ontology.owl#Thesis" />
    <owl:equivalentClass rdf:resource="http://swrc.ontoware.org/ontology#Thesis" />
    <owl:equivalentClass rdf:resource="http://sw-portal.deri.org/ontologies/swportal#Thesis" />
  </owl:Class>

  <owl:Class rdf:about="http://lsdis.cs.uga.edu/projects/semdis/opus#University">
    <rdfs:label>University</rdfs:label>
    <rdfs:subClassOf rdf:resource="http://lsdis.cs.uga.edu/projects/semdis/opus#School"/>
    <rdfs:comment>An institution for higher learning with teaching and research facilities constituting a graduate school and professional schools that award master's degrees and doctorates and an undergraduate division that awards bachelor's degrees.</rdfs:comment>
    <owl:equivalentClass rdf:resource="http://knowledgeweb.semanticweb.org/semanticportal/OWL/Organization_Ontology.owl#University" />
    <owl:equivalentClass rdf:resource="http://swrc.ontoware.org/ontology#University" />
    <owl:equivalentClass rdf:resource="http://www.aktors.org/ontology/portal#University" />
    <owl:equivalentClass rdf:resource="http://sw-portal.deri.org/ontologies/swportal#University" />
  </owl:Class>

  <owl:Class rdf:about="http://lsdis.cs.uga.edu/projects/semdis/opus#Webpage">
    <rdfs:comment>A webpage, it is subclass of Document because we want to emphasize that the URL of the webpage is used the URI.</rdfs:comment>
    <rdfs:subClassOf rdf:resource="http://xmlns.com/foaf/0.1/Document"/>
    <rdfs:label>Webpage</rdfs:label>
  </owl:Class>

  <!-- these object/datatype declarations are in here to avoid parsing warnings from BRAHMS -->

  <owl:ObjectProperty rdf:about="http://swrc.ontoware.org/ontology#cite" />
  <owl:ObjectProperty rdf:about="http://swrc.ontoware.org/ontology#affiliation" />
  <owl:ObjectProperty rdf:about="http://www.aktors.org/ontology/portal#has-affiliation" />
  <owl:ObjectProperty rdf:about="http://sw-portal.deri.org/ontologies/swportal#containedInProceedings" />

  <owl:DatatypeProperty rdf:about="http://swrc.ontoware.org/ontology#booktitle"/>
  <owl:DatatypeProperty rdf:about="http://purl.org/net/nknouf/ns/bibtex#hasBooktitle"/>
  <owl:DatatypeProperty rdf:about="http://knowledgeweb.semanticweb.org/semanticportal/OWL/Documentation_Ontology.owl#Chapter"/>
  <owl:DatatypeProperty rdf:about="http://swrc.ontoware.org/ontology#chapter"/>
  <owl:DatatypeProperty rdf:about="http://swrc.ontoware.org/ontology#isbn"/>
  <owl:DatatypeProperty rdf:about="http://purl.org/net/nknouf/ns/bibtex#hasISBN"/>
  <owl:DatatypeProperty rdf:about="http://purl.org/net/nknouf/ns/bibtex#hasJournal"/>
  <owl:DatatypeProperty rdf:about="http://swrc.ontoware.org/ontology#month"/>
  <owl:DatatypeProperty rdf:about="http://purl.org/net/nknouf/ns/bibtex#hasMonth"/>
  <owl:DatatypeProperty rdf:about="http://purl.org/net/nknouf/ns/bibtex#hasNumber"/>
  <owl:DatatypeProperty rdf:about="http://swrc.ontoware.org/ontology#pages"/>
  <owl:DatatypeProperty rdf:about="http://www.aktors.org/ontology/portal#has-page-numbers"/>
  <owl:DatatypeProperty rdf:about="http://purl.org/net/nknouf/ns/bibtex#hasPages"/>
  <owl:DatatypeProperty rdf:about="http://swrc.ontoware.org/ontology#volume"/>
  <owl:DatatypeProperty rdf:about="http://swrc.ontoware.org/ontology#year"/>


  <owl:ObjectProperty rdf:about="http://lsdis.cs.uga.edu/projects/semdis/opus#at_organization">
    <rdfs:comment>Indicates that a publication originates or is related to a specific Organization.</rdfs:comment>
    <rdfs:label>at organization</rdfs:label>
    <rdfs:range rdf:resource="http://xmlns.com/foaf/0.1/Organization"/>
    <rdfs:domain rdf:resource="http://lsdis.cs.uga.edu/projects/semdis/opus#Publication"/>
  </owl:ObjectProperty>

  <owl:ObjectProperty rdf:about="http://lsdis.cs.uga.edu/projects/semdis/opus#at_university">
    <rdfs:comment>Indicates that a publication originates or is related to a specific University.</rdfs:comment>
    <rdfs:label>at university</rdfs:label>
    <rdfs:range rdf:resource="http://lsdis.cs.uga.edu/projects/semdis/opus#University"/>
    <rdfs:domain rdf:resource="http://lsdis.cs.uga.edu/projects/semdis/opus#Publication"/>
  </owl:ObjectProperty>

  <owl:ObjectProperty rdf:about="http://lsdis.cs.uga.edu/projects/semdis/opus#chapter_of">
    <rdfs:comment>Indicates that a book chapter belongs to a specific book. It is debateable whether this should be subclass of Collection.</rdfs:comment>
    <rdfs:domain rdf:resource="http://lsdis.cs.uga.edu/projects/semdis/opus#Book_Chapter"/>
    <rdfs:range rdf:resource="http://lsdis.cs.uga.edu/projects/semdis/opus#Edited_Book"/>
    <rdfs:label>Chapter Of</rdfs:label>
  </owl:ObjectProperty>

  <owl:ObjectProperty rdf:about="http://lsdis.cs.uga.edu/projects/semdis/opus#cites">
    <rdfs:comment>Indicates that a publication cites another publication.</rdfs:comment>
    <rdfs:label>Cites</rdfs:label>
    <rdfs:domain rdf:resource="http://lsdis.cs.uga.edu/projects/semdis/opus#Publication"/>
    <owl:equivalentProperty rdf:resource="http://swrc.ontoware.org/ontology#cite" />
  </owl:ObjectProperty>

  <owl:ObjectProperty rdf:about="http://lsdis.cs.uga.edu/projects/semdis/opus#isIncludedIn">
    <rdfs:comment>Indicates that a publication is included in a specific proceedings publication.</rdfs:comment>
    <rdfs:range rdf:resource="http://lsdis.cs.uga.edu/projects/semdis/opus#Proceedings"/>
    <rdfs:label>is Included in Proceedings</rdfs:label>
    <rdfs:domain rdf:resource="http://lsdis.cs.uga.edu/projects/semdis/opus#Article_in_Proceedings"/>
    <owl:equivalentProperty rdf:resource="http://sw-portal.deri.org/ontologies/swportal#containedInProceedings" />
  </owl:ObjectProperty>

  <owl:ObjectProperty rdf:about="http://lsdis.cs.uga.edu/projects/semdis/opus#editor">
    <rdfs:comment>Indicates that a publication has a specific editor(s).</rdfs:comment>
    <rdfs:range rdf:resource="http://www.w3.org/1999/02/22-rdf-syntax-ns#Seq"/>
    <rdfs:domain rdf:resource="http://lsdis.cs.uga.edu/projects/semdis/opus#Edited_Publication"/>
    <rdfs:label>Editor</rdfs:label>
  </owl:ObjectProperty>

  <owl:ObjectProperty rdf:about="http://lsdis.cs.uga.edu/projects/semdis/opus#affiliation">
    <rdfs:comment>Indicates that a person is affiliated to a specific organization.</rdfs:comment>
    <rdfs:label>Affiliation</rdfs:label>
    <rdfs:domain rdf:resource="http://xmlns.com/foaf/0.1/Person"/>
    <rdfs:range rdf:resource="http://xmlns.com/foaf/0.1/Organization"/>
    <owl:equivalentProperty rdf:resource="http://swrc.ontoware.org/ontology#affiliation" />
    <owl:equivalentProperty rdf:resource="http://www.aktors.org/ontology/portal#has-affiliation" />
  </owl:ObjectProperty>

  <owl:ObjectProperty rdf:about="http://lsdis.cs.uga.edu/projects/semdis/opus#in_series">
    <rdfs:comment>Indicates that a Publication is part of a Publication Series.</rdfs:comment>

    <rdfs:label>In Series</rdfs:label>
    <rdfs:range rdf:resource="http://lsdis.cs.uga.edu/projects/semdis/opus#Series"/>
    <rdfs:domain rdf:resource="http://lsdis.cs.uga.edu/projects/semdis/opus#Publication"/>
  </owl:ObjectProperty>

  <owl:ObjectProperty rdf:about="http://lsdis.cs.uga.edu/projects/semdis/opus#author">
    <rdfs:range rdf:resource="http://www.w3.org/1999/02/22-rdf-syntax-ns#Seq"/>
    <rdfs:label>Author</rdfs:label>
    <rdfs:domain rdf:resource="http://lsdis.cs.uga.edu/projects/semdis/opus#Publication"/>
    <rdfs:comment>Indicates that a publication is authored by a specific person(s).</rdfs:comment>
  </owl:ObjectProperty>

  <owl:ObjectProperty rdf:about="http://lsdis.cs.uga.edu/projects/semdis/opus#coeditor">
    <rdfs:comment>Indicates that a person is co-editor with another person</rdfs:comment>
    <rdfs:label>coeditor</rdfs:label>
    <rdfs:domain rdf:resource="http://xmlns.com/foaf/0.1/Person"/>
    <rdfs:range rdf:resource="http://xmlns.com/foaf/0.1/Person"/>
  </owl:ObjectProperty>

  <owl:ObjectProperty rdf:about="http://lsdis.cs.uga.edu/projects/semdis/opus#coauthor">
    <rdfs:comment>Indicates that a person is co-author with another person</rdfs:comment>
    <rdfs:label>coauthor</rdfs:label>
    <rdfs:domain rdf:resource="http://xmlns.com/foaf/0.1/Person"/>
    <rdfs:range rdf:resource="http://xmlns.com/foaf/0.1/Person"/>
  </owl:ObjectProperty>

  <owl:ObjectProperty rdf:about="http://lsdis.cs.uga.edu/projects/semdis/opus#sameAffiliation">
    <rdfs:comment>Indicates that a person has same affiliation than another person (this is not necessarily transitive)</rdfs:comment>
    <rdfs:label>sameAffiliation</rdfs:label>
    <rdfs:domain rdf:resource="http://xmlns.com/foaf/0.1/Person"/>
    <rdfs:range rdf:resource="http://xmlns.com/foaf/0.1/Person"/>
  </owl:ObjectProperty>



  <owl:DatatypeProperty rdf:about="http://lsdis.cs.uga.edu/projects/semdis/opus#book_title">
    <rdfs:range rdf:resource="http://www.w3.org/2001/XMLSchema#string"/>
    <rdfs:comment>An alternative Book Title or the Book Title where an article appears, such as title of proceedings.</rdfs:comment>
    <rdfs:label>book title</rdfs:label>
    <rdfs:domain rdf:resource="http://lsdis.cs.uga.edu/projects/semdis/opus#Publication"/>
    <owl:equivalentProperty rdf:resource="http://swrc.ontoware.org/ontology#booktitle" />
    <owl:equivalentProperty rdf:resource="http://purl.org/net/nknouf/ns/bibtex#hasBooktitle" />
  </owl:DatatypeProperty>

  <owl:DatatypeProperty rdf:about="http://lsdis.cs.uga.edu/projects/semdis/opus#cdrom">
    <rdfs:range rdf:resource="http://www.w3.org/2001/XMLSchema#string"/>
    <rdfs:comment>The CDROM location of a Publication, as used by the ACM SIGMOD Anthology.</rdfs:comment>
    <rdfs:label>cdrom</rdfs:label>
    <rdfs:domain rdf:resource="http://lsdis.cs.uga.edu/projects/semdis/opus#Publication"/>
  </owl:DatatypeProperty>

  <owl:DatatypeProperty rdf:about="http://lsdis.cs.uga.edu/projects/semdis/opus#chapter">
    <rdfs:range rdf:resource="http://www.w3.org/2001/XMLSchema#string"/>
    <rdfs:comment>The chapter number of a publication</rdfs:comment>
    <rdfs:label>chapter</rdfs:label>
    <rdfs:domain rdf:resource="http://lsdis.cs.uga.edu/projects/semdis/opus#Book_Chapter"/>
    <owl:equivalentProperty rdf:resource="http://knowledgeweb.semanticweb.org/semanticportal/OWL/Documentation_Ontology.owl#Chapter" />
    <owl:equivalentProperty rdf:resource="http://swrc.ontoware.org/ontology#chapter" />
  </owl:DatatypeProperty>

  <owl:DatatypeProperty rdf:about="http://lsdis.cs.uga.edu/projects/semdis/opus#ee">
    <rdfs:range rdf:resource="http://www.w3.org/2001/XMLSchema#string"/>
    <rdfs:comment>The Electronic Edition of a publication</rdfs:comment>
    <rdfs:label>ee</rdfs:label>
    <rdfs:domain rdf:resource="http://lsdis.cs.uga.edu/projects/semdis/opus#Publication"/>
  </owl:DatatypeProperty>

  <owl:DatatypeProperty rdf:about="http://lsdis.cs.uga.edu/projects/semdis/opus#eepresentation">
    <rdfs:range rdf:resource="http://www.w3.org/2001/XMLSchema#string"/>
    <rdfs:comment>The Electronic Edition of a Presentation of a publication</rdfs:comment>
    <rdfs:label>presentation</rdfs:label>
    <rdfs:domain rdf:resource="http://lsdis.cs.uga.edu/projects/semdis/opus#Publication"/>
  </owl:DatatypeProperty>

  <owl:DatatypeProperty rdf:about="http://lsdis.cs.uga.edu/projects/semdis/opus#isbn">
    <rdfs:range rdf:resource="http://www.w3.org/2001/XMLSchema#string"/>
    <rdfs:comment>The ISBN of a publication.</rdfs:comment>
    <rdfs:label>isbn</rdfs:label>
    <rdfs:domain rdf:resource="http://lsdis.cs.uga.edu/projects/semdis/opus#Publication"/>
    <owl:equivalentProperty rdf:resource="http://swrc.ontoware.org/ontology#isbn" />
    <owl:equivalentProperty rdf:resource="http://purl.org/net/nknouf/ns/bibtex#hasISBN" />
  </owl:DatatypeProperty>

  <owl:DatatypeProperty rdf:about="http://lsdis.cs.uga.edu/projects/semdis/opus#journal_name">
    <rdfs:range rdf:resource="http://www.w3.org/2001/XMLSchema#string"/>
    <rdfs:comment>The name of a Journal, such as where an article appears</rdfs:comment>
    <rdfs:label>journal name</rdfs:label>
    <rdfs:domain rdf:resource="http://lsdis.cs.uga.edu/projects/semdis/opus#Journal"/>
    <owl:equivalentProperty rdf:resource="http://purl.org/net/nknouf/ns/bibtex#hasJournal" />
  </owl:DatatypeProperty>

  <owl:DatatypeProperty rdf:about="http://lsdis.cs.uga.edu/projects/semdis/opus#last_modified_date">
    <rdfs:domain rdf:resource="http://xmlns.com/foaf/0.1/Document"/>
    <rdfs:comment>The last modified date of a document.</rdfs:comment>
    <rdfs:range rdf:resource="http://www.w3.org/2001/XMLSchema#string"/>
    <rdfs:label>last modified date</rdfs:label>
  </owl:DatatypeProperty>

  <owl:DatatypeProperty rdf:about="http://lsdis.cs.uga.edu/projects/semdis/opus#month">
    <rdfs:domain rdf:resource="http://xmlns.com/foaf/0.1/Document"/>
    <rdfs:comment>The month part of the date of a foaf:Document.</rdfs:comment>
    <rdfs:range rdf:resource="http://www.w3.org/2001/XMLSchema#string"/>
    <rdfs:label>month</rdfs:label>
    <owl:equivalentProperty rdf:resource="http://swrc.ontoware.org/ontology#month" />
    <owl:equivalentProperty rdf:resource="http://purl.org/net/nknouf/ns/bibtex#hasMonth" />
  </owl:DatatypeProperty>

  <owl:DatatypeProperty rdf:about="http://lsdis.cs.uga.edu/projects/semdis/opus#gMonth">
    <rdfs:domain rdf:resource="http://xmlns.com/foaf/0.1/Document"/>
    <rdfs:comment>The month part of the date of a foaf:Document represented as xsd:gMonth value</rdfs:comment>
    <rdfs:range rdf:resource="http://www.w3.org/2001/XMLSchema#gMonth"/>
    <rdfs:label>gMonth</rdfs:label>
  </owl:DatatypeProperty>

  <owl:DatatypeProperty rdf:about="http://lsdis.cs.uga.edu/projects/semdis/opus#number">
    <rdfs:range rdf:resource="http://www.w3.org/2001/XMLSchema#string"/>
    <rdfs:comment>The Number part of citation of a publication.</rdfs:comment>
    <rdfs:label>number</rdfs:label>
    <rdfs:domain rdf:resource="http://lsdis.cs.uga.edu/projects/semdis/opus#Publication"/>
    <owl:equivalentProperty rdf:resource="http://purl.org/net/nknouf/ns/bibtex#hasNumber" />
  </owl:DatatypeProperty>

  <owl:DatatypeProperty rdf:about="http://lsdis.cs.uga.edu/projects/semdis/opus#pages">
    <rdfs:range rdf:resource="http://www.w3.org/2001/XMLSchema#string"/>
    <rdfs:comment>The Pages part of citation of a publication.</rdfs:comment>
    <rdfs:label>pages</rdfs:label>
    <rdfs:domain rdf:resource="http://lsdis.cs.uga.edu/projects/semdis/opus#Publication" />
    <owl:equivalentProperty rdf:resource="http://swrc.ontoware.org/ontology#pages" />
    <owl:equivalentProperty rdf:resource="http://www.aktors.org/ontology/portal#has-page-numbers" />
    <owl:equivalentProperty rdf:resource="http://purl.org/net/nknouf/ns/bibtex#hasPages" />
  </owl:DatatypeProperty>

  <owl:DatatypeProperty rdf:about="http://lsdis.cs.uga.edu/projects/semdis/opus#volume">
    <rdfs:range rdf:resource="http://www.w3.org/2001/XMLSchema#string"/>
    <rdfs:comment>The Volume part of citation of a publication.</rdfs:comment>
    <rdfs:label>volume</rdfs:label>
    <rdfs:domain rdf:resource="http://lsdis.cs.uga.edu/projects/semdis/opus#Publication"/>
    <owl:equivalentProperty rdf:resource="http://swrc.ontoware.org/ontology#volume" />
  </owl:DatatypeProperty>

  <owl:DatatypeProperty rdf:about="http://lsdis.cs.uga.edu/projects/semdis/opus#year">
    <rdfs:domain rdf:resource="http://xmlns.com/foaf/0.1/Document"/>
    <rdfs:comment>The year part of the date of a foaf:Document.</rdfs:comment>
    <rdfs:range rdf:resource="http://www.w3.org/2001/XMLSchema#gYear"/>
    <rdfs:label>year</rdfs:label>
    <owl:equivalentProperty rdf:resource="http://swrc.ontoware.org/ontology#year" />
  </owl:DatatypeProperty>

  <owl:DatatypeProperty rdf:about="http://lsdis.cs.uga.edu/projects/semdis/opus#abstract">
    <rdfs:domain rdf:resource="http://xmlns.com/foaf/0.1/Document"/>
    <rdfs:comment>The abstract of a document</rdfs:comment>
    <rdfs:range rdf:resource="http://www.w3.org/2001/XMLSchema#string"/>
    <rdfs:label>abstract</rdfs:label>
  </owl:DatatypeProperty>

</rdf:RDF>

