<?xml version="1.0"?>
<rdf:RDF
    xmlns:cc="http://creativecommons.org/ns#"
    xmlns:rdf="http://www.w3.org/1999/02/22-rdf-syntax-ns#"
    xmlns:xsd="http://www.w3.org/2001/XMLSchema#"
    xmlns:rdfs="http://www.w3.org/2000/01/rdf-schema#"
    xmlns:owl="http://www.w3.org/2002/07/owl#"
    xmlns:owl11="http://www.w3.org/2006/12/owl11#"
    xmlns:dc="http://purl.org/dc/elements/1.1/"
    xmlns:gc="http://www.oegov.org/core/owl/gc#"
  xml:base="http://www.oegov.org/core/owl/gc">
  <owl:Ontology rdf:about="">
    <owl:imports rdf:resource="http://www.oegov.org/core/owl/cc"/>
    <owl:imports rdf:resource="http://creativecommons.org/schema.rdf"/>
    <owl:imports rdf:resource="http://purl.org/dc/elements/1.1/"/>
    <owl:imports rdf:resource="http://spinrdf.org/spin"/>
    <gc:revision rdf:datatype="http://www.w3.org/2001/XMLSchema#string"
    >$Revision: 1365 $</gc:revision>
    <cc:attributionURL rdf:datatype="http://www.w3.org/2001/XMLSchema#anyURI"
    >http://www.topquadrant.com</cc:attributionURL>
    <dc:rights rdf:datatype="http://www.w3.org/2001/XMLSchema#string"
    >Creative Commons Attribution-Share Alike 3.0 United States License</dc:rights>
    <cc:license>
      <cc:License rdf:ID="CreativeCommonsAttributionShareAlike3.0_UnitedStatesLicense">
        <cc:requires rdf:resource="http://creativecommons.org/ns#ShareAlike"/>
        <cc:requires rdf:resource="http://creativecommons.org/ns#Attribution"/>
        <cc:permits rdf:resource="http://creativecommons.org/ns#Distribution"/>
        <cc:permits rdf:resource="http://creativecommons.org/ns#DerivativeWorks"/>
        <cc:image rdf:datatype="http://www.w3.org/2001/XMLSchema#anyURI"
        >http://i.creativecommons.org/l/by-sa/3.0/us/88x31.png</cc:image>
        <rdfs:label rdf:datatype="http://www.w3.org/2001/XMLSchema#string"
        >Creative Commons Attribution-Share Alike 3.0 United States License</rdfs:label>
      </cc:License>
    </cc:license>
    <dc:date rdf:datatype="http://www.w3.org/2001/XMLSchema#string"
    >$Date: 2009-08-24 10:59:06 -0700 (Mon, 24 Aug 2009) $</dc:date>
    <dc:description rdf:datatype="http://www.w3.org/2001/XMLSchema#string"
    >Government Core Ontology.</dc:description>
    <dc:creator rdf:datatype="http://www.w3.org/2001/XMLSchema#string"
    >Ralph Hodgson</dc:creator>
    <owl:versionInfo rdf:datatype="http://www.w3.org/2001/XMLSchema#string"
    >$Id: gc.n3 1365 2009-08-24 17:59:06Z RalphHodgson $</owl:versionInfo>
    <dc:source rdf:datatype="http://www.w3.org/2001/XMLSchema#string"
    >www.oegov.org</dc:source>
    <dc:title rdf:datatype="http://www.w3.org/2001/XMLSchema#string"
    >oeGOV Government Core Ontology</dc:title>
    <gc:attributedSource>
      <gc:AttributedSource rdf:ID="TopQuadrantAttribution">
        <gc:pointOfContact rdf:datatype="http://www.w3.org/2001/XMLSchema#string"
        >Ralph Hodgson</gc:pointOfContact>
        <cc:attributionURL rdf:datatype="http://www.w3.org/2001/XMLSchema#anyURI"
        >http://www.topquadrant.com</cc:attributionURL>
        <cc:attributionName rdf:datatype="http://www.w3.org/2001/XMLSchema#string"
        >TopQuadrant, Inc.</cc:attributionName>
        <rdfs:label rdf:datatype="http://www.w3.org/2001/XMLSchema#string"
        >TopQuadrant attribution</rdfs:label>
      </gc:AttributedSource>
    </gc:attributedSource>
  </owl:Ontology>
  <rdfs:Datatype rdf:ID="DateUnion">
    <rdfs:subClassOf rdf:resource="http://www.w3.org/2000/01/rdf-schema#Resource"/>
  </rdfs:Datatype>
  <owl:Class rdf:ID="Monarchy">
    <rdfs:subClassOf>
      <owl:Class rdf:ID="PoliticalSystem"/>
    </rdfs:subClassOf>
  </owl:Class>
  <owl:Class rdf:ID="Entity">
    <rdfs:subClassOf>
      <owl:Restriction>
        <owl:onProperty>
          <owl:DatatypeProperty rdf:ID="url"/>
        </owl:onProperty>
        <owl:allValuesFrom rdf:resource="http://www.w3.org/2001/XMLSchema#anyURI"/>
      </owl:Restriction>
    </rdfs:subClassOf>
    <rdfs:subClassOf>
      <owl:Restriction>
        <owl:onProperty>
          <owl:DatatypeProperty rdf:ID="hashtag"/>
        </owl:onProperty>
        <owl:allValuesFrom rdf:resource="http://www.w3.org/2001/XMLSchema#string"/>
      </owl:Restriction>
    </rdfs:subClassOf>
    <rdfs:subClassOf rdf:resource="http://www.w3.org/2002/07/owl#Thing"/>
    <rdfs:label rdf:datatype="http://www.w3.org/2001/XMLSchema#string"
    >Entity</rdfs:label>
  </owl:Class>
  <owl:Class rdf:ID="CommunistState">
    <rdfs:subClassOf>
      <owl:Class rdf:about="#PoliticalSystem"/>
    </rdfs:subClassOf>
  </owl:Class>
  <owl:Class rdf:about="#PoliticalSystem">
    <rdfs:subClassOf rdf:resource="http://www.w3.org/2002/07/owl#Thing"/>
    <rdfs:label rdf:datatype="http://www.w3.org/2001/XMLSchema#string"
    >Political system</rdfs:label>
  </owl:Class>
  <owl:Class rdf:ID="DataFormat">
    <rdfs:subClassOf>
      <owl:Class rdf:ID="Category"/>
    </rdfs:subClassOf>
    <rdfs:label rdf:datatype="http://www.w3.org/2001/XMLSchema#string"
    >Data Format</rdfs:label>
  </owl:Class>
  <owl:Class rdf:ID="Republic">
    <rdfs:subClassOf rdf:resource="#PoliticalSystem"/>
  </owl:Class>
  <owl:Class rdf:ID="Tribal">
    <rdfs:subClassOf rdf:resource="#PoliticalSystem"/>
  </owl:Class>
  <owl:Class rdf:ID="Democracy">
    <rdfs:subClassOf rdf:resource="#PoliticalSystem"/>
  </owl:Class>
  <owl:Class rdf:ID="SocialistState">
    <rdfs:subClassOf rdf:resource="#PoliticalSystem"/>
  </owl:Class>
  <owl:Class rdf:about="#Category">
    <rdfs:subClassOf>
      <owl:Restriction>
        <owl:onProperty>
          <owl:ObjectProperty rdf:ID="subCategory"/>
        </owl:onProperty>
        <owl:allValuesFrom rdf:resource="#Category"/>
      </owl:Restriction>
    </rdfs:subClassOf>
    <rdfs:subClassOf rdf:resource="http://www.w3.org/2002/07/owl#Thing"/>
    <rdfs:label rdf:datatype="http://www.w3.org/2001/XMLSchema#string"
    >Category</rdfs:label>
  </owl:Class>
  <owl:Class rdf:ID="AttributedSource">
    <rdfs:subClassOf>
      <owl:Restriction>
        <owl:onProperty>
          <owl:DatatypeProperty rdf:about="http://creativecommons.org/ns#attributionName"/>
        </owl:onProperty>
        <owl:cardinality rdf:datatype="http://www.w3.org/2001/XMLSchema#int"
        >1</owl:cardinality>
      </owl:Restriction>
    </rdfs:subClassOf>
    <rdfs:subClassOf>
      <owl:Restriction>
        <owl:onProperty>
          <owl:DatatypeProperty rdf:about="http://creativecommons.org/ns#attributionURL"/>
        </owl:onProperty>
        <owl:maxCardinality rdf:datatype="http://www.w3.org/2001/XMLSchema#int"
        >1</owl:maxCardinality>
      </owl:Restriction>
    </rdfs:subClassOf>
    <rdfs:subClassOf>
      <owl:Restriction>
        <owl:onProperty>
          <owl:DatatypeProperty rdf:ID="pointOfContact"/>
        </owl:onProperty>
        <owl:allValuesFrom rdf:resource="http://www.w3.org/2001/XMLSchema#string"/>
      </owl:Restriction>
    </rdfs:subClassOf>
    <rdfs:subClassOf rdf:resource="http://www.w3.org/2002/07/owl#Thing"/>
    <rdfs:label rdf:datatype="http://www.w3.org/2001/XMLSchema#string"
    >Attributed Source</rdfs:label>
    <rdfs:comment rdf:datatype="http://www.w3.org/2001/XMLSchema#string"
    >The name, url and other details of an attribution.</rdfs:comment>
  </owl:Class>
  <owl:Class rdf:ID="Anarcy">
    <rdfs:subClassOf rdf:resource="#PoliticalSystem"/>
  </owl:Class>
  <owl:Class rdf:ID="Quarter">
    <owl:oneOf rdf:parseType="Collection">
      <gc:Quarter rdf:ID="Q1">
        <rdfs:label rdf:datatype="http://www.w3.org/2001/XMLSchema#string"
        >Q1</rdfs:label>
      </gc:Quarter>
      <gc:Quarter rdf:ID="Q2">
        <rdfs:label rdf:datatype="http://www.w3.org/2001/XMLSchema#string"
        >Q2</rdfs:label>
      </gc:Quarter>
      <gc:Quarter rdf:ID="Q3">
        <rdfs:label rdf:datatype="http://www.w3.org/2001/XMLSchema#string"
        >Q3</rdfs:label>
      </gc:Quarter>
      <gc:Quarter rdf:ID="Q4">
        <rdfs:label rdf:datatype="http://www.w3.org/2001/XMLSchema#string"
        >Q4</rdfs:label>
      </gc:Quarter>
    </owl:oneOf>
    <rdfs:subClassOf>
      <owl:Class rdf:ID="Period"/>
    </rdfs:subClassOf>
    <rdfs:label rdf:datatype="http://www.w3.org/2001/XMLSchema#string"
    >Quarter</rdfs:label>
  </owl:Class>
  <owl:Class rdf:ID="Theocracy">
    <rdfs:subClassOf rdf:resource="#PoliticalSystem"/>
  </owl:Class>
  <owl:Class rdf:ID="Dictatorship">
    <rdfs:subClassOf rdf:resource="#PoliticalSystem"/>
  </owl:Class>
  <owl:Class rdf:about="#Period">
    <rdfs:subClassOf rdf:resource="http://www.w3.org/2002/07/owl#Thing"/>
    <rdfs:label rdf:datatype="http://www.w3.org/2001/XMLSchema#string"
    >Period</rdfs:label>
  </owl:Class>
  <owl:Class rdf:about="http://creativecommons.org/ns#License">
    <rdfs:subClassOf>
      <owl:Restriction>
        <owl:onProperty>
          <owl:AnnotationProperty rdf:about="http://creativecommons.org/ns#image">
            <rdfs:range rdf:resource="http://www.w3.org/2001/XMLSchema#anyURI"/>
          </owl:AnnotationProperty>
        </owl:onProperty>
        <owl:maxCardinality rdf:datatype="http://www.w3.org/2001/XMLSchema#int"
        >1</owl:maxCardinality>
      </owl:Restriction>
    </rdfs:subClassOf>
  </owl:Class>
  <owl:ObjectProperty rdf:ID="section">
    <rdfs:label rdf:datatype="http://www.w3.org/2001/XMLSchema#string"
    >section</rdfs:label>
  </owl:ObjectProperty>
  <owl:ObjectProperty rdf:about="#subCategory">
    <rdfs:label rdf:datatype="http://www.w3.org/2001/XMLSchema#string"
    >sub category</rdfs:label>
  </owl:ObjectProperty>
  <owl:ObjectProperty rdf:ID="result">
    <rdfs:label rdf:datatype="http://www.w3.org/2001/XMLSchema#string"
    >result</rdfs:label>
  </owl:ObjectProperty>
  <owl:ObjectProperty rdf:ID="category">
    <rdfs:label rdf:datatype="http://www.w3.org/2001/XMLSchema#string"
    >category</rdfs:label>
  </owl:ObjectProperty>
  <owl:ObjectProperty rdf:about="http://creativecommons.org/ns#license"/>
  <owl:ObjectProperty rdf:ID="status">
    <rdfs:label rdf:datatype="http://www.w3.org/2001/XMLSchema#string"
    >status</rdfs:label>
  </owl:ObjectProperty>
  <owl:ObjectProperty rdf:ID="person">
    <rdfs:label rdf:datatype="http://www.w3.org/2001/XMLSchema#string"
    >person</rdfs:label>
  </owl:ObjectProperty>
  <owl:ObjectProperty rdf:ID="cause">
    <rdfs:label rdf:datatype="http://www.w3.org/2001/XMLSchema#string"
    >cause</rdfs:label>
  </owl:ObjectProperty>
  <owl:ObjectProperty rdf:ID="format">
    <rdfs:label rdf:datatype="http://www.w3.org/2001/XMLSchema#string"
    >format</rdfs:label>
  </owl:ObjectProperty>
  <owl:ObjectProperty rdf:about="http://creativecommons.org/ns#morePermissions"/>
  <owl:ObjectProperty rdf:ID="currency">
    <rdfs:label rdf:datatype="http://www.w3.org/2001/XMLSchema#string"
    >currency</rdfs:label>
  </owl:ObjectProperty>
  <owl:ObjectProperty rdf:about="http://creativecommons.org/ns#prohibits"/>
  <owl:ObjectProperty rdf:ID="member">
    <rdfs:label rdf:datatype="http://www.w3.org/2001/XMLSchema#string"
    >member</rdfs:label>
  </owl:ObjectProperty>
  <owl:ObjectProperty rdf:ID="clause">
    <rdfs:label rdf:datatype="http://www.w3.org/2001/XMLSchema#string"
    >clause</rdfs:label>
  </owl:ObjectProperty>
  <owl:ObjectProperty rdf:about="http://creativecommons.org/ns#jurisdiction"/>
  <owl:ObjectProperty rdf:about="http://creativecommons.org/ns#requires"/>
  <owl:ObjectProperty rdf:about="http://creativecommons.org/ns#permits"/>
  <owl:ObjectProperty rdf:ID="attributedSource">
    <rdfs:label rdf:datatype="http://www.w3.org/2001/XMLSchema#string"
    >attributed source</rdfs:label>
  </owl:ObjectProperty>
  <owl:ObjectProperty rdf:about="http://creativecommons.org/ns#legalcode"/>
  <owl:DatatypeProperty rdf:ID="endDate">
    <rdfs:subPropertyOf>
      <owl:DatatypeProperty rdf:ID="date"/>
    </rdfs:subPropertyOf>
    <rdfs:range>
      <rdf:Description rdf:about="http://www.w3.org/2001/XMLSchema#date">
        <rdfs:subClassOf rdf:resource="#DateUnion"/>
      </rdf:Description>
    </rdfs:range>
    <rdfs:label rdf:datatype="http://www.w3.org/2001/XMLSchema#string"
    >end date</rdfs:label>
  </owl:DatatypeProperty>
  <owl:DatatypeProperty rdf:ID="foundedOn">
    <rdfs:subPropertyOf>
      <owl:DatatypeProperty rdf:about="#date"/>
    </rdfs:subPropertyOf>
    <rdfs:range rdf:resource="#DateUnion"/>
    <rdfs:label rdf:datatype="http://www.w3.org/2001/XMLSchema#string"
    >founded on</rdfs:label>
  </owl:DatatypeProperty>
  <owl:DatatypeProperty rdf:about="#date">
    <rdfs:range rdf:resource="#DateUnion"/>
    <rdfs:label rdf:datatype="http://www.w3.org/2001/XMLSchema#string"
    >date</rdfs:label>
  </owl:DatatypeProperty>
  <owl:DatatypeProperty rdf:about="#url">
    <rdfs:range rdf:resource="http://www.w3.org/2001/XMLSchema#anyURI"/>
    <rdfs:label rdf:datatype="http://www.w3.org/2001/XMLSchema#string"
    >url</rdfs:label>
  </owl:DatatypeProperty>
  <owl:DatatypeProperty rdf:ID="releasedDate">
    <rdfs:subPropertyOf rdf:resource="#date"/>
    <rdfs:range rdf:resource="#DateUnion"/>
    <rdfs:label rdf:datatype="http://www.w3.org/2001/XMLSchema#string"
    >released date</rdfs:label>
  </owl:DatatypeProperty>
  <owl:DatatypeProperty rdf:ID="submissionDate">
    <rdfs:subPropertyOf rdf:resource="#date"/>
    <rdfs:range rdf:resource="http://www.w3.org/2001/XMLSchema#date"/>
    <rdfs:label rdf:datatype="http://www.w3.org/2001/XMLSchema#string"
    >submission date</rdfs:label>
  </owl:DatatypeProperty>
  <owl:DatatypeProperty rdf:ID="cessationDate">
    <rdfs:subPropertyOf rdf:resource="#date"/>
    <rdfs:range rdf:resource="#DateUnion"/>
    <rdfs:label rdf:datatype="http://www.w3.org/2001/XMLSchema#string"
    >cessation date</rdfs:label>
  </owl:DatatypeProperty>
  <owl:DatatypeProperty rdf:ID="year">
    <rdfs:range>
      <rdf:Description rdf:about="http://www.w3.org/2001/XMLSchema#gYear">
        <rdfs:subClassOf rdf:resource="#DateUnion"/>
      </rdf:Description>
    </rdfs:range>
    <rdfs:label rdf:datatype="http://www.w3.org/2001/XMLSchema#string"
    >year</rdfs:label>
  </owl:DatatypeProperty>
  <owl:DatatypeProperty rdf:ID="shortTitle">
    <rdfs:range rdf:resource="http://www.w3.org/2001/XMLSchema#string"/>
    <rdfs:label rdf:datatype="http://www.w3.org/2001/XMLSchema#string"
    >short title</rdfs:label>
  </owl:DatatypeProperty>
  <owl:DatatypeProperty rdf:about="http://creativecommons.org/ns#attributionURL">
    <rdfs:range rdf:resource="http://www.w3.org/2001/XMLSchema#anyURI"/>
  </owl:DatatypeProperty>
  <owl:DatatypeProperty rdf:ID="licence">
    <rdfs:range rdf:resource="http://www.w3.org/2001/XMLSchema#string"/>
    <rdfs:label rdf:datatype="http://www.w3.org/2001/XMLSchema#string"
    >licence</rdfs:label>
  </owl:DatatypeProperty>
  <owl:DatatypeProperty rdf:ID="number">
    <rdfs:range rdf:resource="http://www.w3.org/2001/XMLSchema#int"/>
    <rdfs:label rdf:datatype="http://www.w3.org/2001/XMLSchema#string"
    >number</rdfs:label>
  </owl:DatatypeProperty>
  <owl:DatatypeProperty rdf:ID="text">
    <rdfs:range rdf:resource="http://www.w3.org/2001/XMLSchema#string"/>
    <rdfs:label rdf:datatype="http://www.w3.org/2001/XMLSchema#string"
    >text</rdfs:label>
  </owl:DatatypeProperty>
  <owl:DatatypeProperty rdf:ID="creationDate">
    <rdfs:subPropertyOf rdf:resource="#date"/>
    <rdfs:range rdf:resource="#DateUnion"/>
    <rdfs:label rdf:datatype="http://www.w3.org/2001/XMLSchema#string"
    >creation date</rdfs:label>
  </owl:DatatypeProperty>
  <owl:DatatypeProperty rdf:ID="startDate">
    <rdfs:subPropertyOf rdf:resource="#date"/>
    <rdfs:range rdf:resource="http://www.w3.org/2001/XMLSchema#date"/>
    <rdfs:label rdf:datatype="http://www.w3.org/2001/XMLSchema#string"
    >start date</rdfs:label>
  </owl:DatatypeProperty>
  <owl:DatatypeProperty rdf:ID="updatedDate">
    <rdfs:subPropertyOf rdf:resource="#date"/>
    <rdfs:range rdf:resource="http://www.w3.org/2001/XMLSchema#date"/>
    <rdfs:label rdf:datatype="http://www.w3.org/2001/XMLSchema#string"
    >updated date</rdfs:label>
  </owl:DatatypeProperty>
  <owl:DatatypeProperty rdf:ID="identifier">
    <rdfs:range rdf:resource="http://www.w3.org/2001/XMLSchema#anySimpleType"/>
    <rdfs:label rdf:datatype="http://www.w3.org/2001/XMLSchema#string"
    >identifier</rdfs:label>
  </owl:DatatypeProperty>
  <owl:DatatypeProperty rdf:ID="summary">
    <rdfs:range rdf:resource="http://www.w3.org/2001/XMLSchema#string"/>
    <rdfs:label rdf:datatype="http://www.w3.org/2001/XMLSchema#string"
    >summary</rdfs:label>
  </owl:DatatypeProperty>
  <owl:DatatypeProperty rdf:ID="archiveURL">
    <rdfs:subPropertyOf rdf:resource="#url"/>
    <rdfs:range rdf:resource="http://www.w3.org/2001/XMLSchema#anyURI"/>
    <rdfs:label rdf:datatype="http://www.w3.org/2001/XMLSchema#string"
    >archive URL</rdfs:label>
  </owl:DatatypeProperty>
  <owl:DatatypeProperty rdf:about="#hashtag">
    <rdfs:range rdf:resource="http://www.w3.org/2001/XMLSchema#string"/>
    <rdfs:label rdf:datatype="http://www.w3.org/2001/XMLSchema#string"
    >hashtag</rdfs:label>
  </owl:DatatypeProperty>
  <owl:DatatypeProperty rdf:ID="title">
    <rdfs:range rdf:resource="http://www.w3.org/2001/XMLSchema#string"/>
    <rdfs:label rdf:datatype="http://www.w3.org/2001/XMLSchema#string"
    >title</rdfs:label>
  </owl:DatatypeProperty>
  <owl:DatatypeProperty rdf:ID="awardDate">
    <rdfs:subPropertyOf rdf:resource="#date"/>
    <rdfs:range rdf:resource="#DateUnion"/>
    <rdfs:label rdf:datatype="http://www.w3.org/2001/XMLSchema#string"
    >award date</rdfs:label>
  </owl:DatatypeProperty>
  <owl:DatatypeProperty rdf:about="#pointOfContact">
    <rdfs:range rdf:resource="http://www.w3.org/2001/XMLSchema#string"/>
    <rdfs:label rdf:datatype="http://www.w3.org/2001/XMLSchema#string"
    >point of contact</rdfs:label>
  </owl:DatatypeProperty>
  <gc:DataFormat rdf:ID="OWL-Format">
    <rdfs:label rdf:datatype="http://www.w3.org/2001/XMLSchema#string"
    >OWL Format</rdfs:label>
  </gc:DataFormat>
  <rdf:Description rdf:about="http://www.w3.org/2001/XMLSchema#gYearMonth">
    <rdfs:subClassOf rdf:resource="#DateUnion"/>
  </rdf:Description>
  <rdf:Description rdf:about="http://www.w3.org/2001/XMLSchema#gDay">
    <rdfs:subClassOf rdf:resource="#DateUnion"/>
  </rdf:Description>
  <owl:AnnotationProperty rdf:ID="image">
    <rdfs:range rdf:resource="http://www.w3.org/2001/XMLSchema#anyURI"/>
  </owl:AnnotationProperty>
  <owl:AnnotationProperty rdf:about="http://creativecommons.org/ns#deprecatedOn"/>
  <gc:DataFormat rdf:ID="RSS-Format">
    <rdfs:label rdf:datatype="http://www.w3.org/2001/XMLSchema#string"
    >RSS Format</rdfs:label>
  </gc:DataFormat>
  <gc:DataFormat rdf:ID="CSV-Format">
    <dc:description rdf:datatype="http://www.w3.org/2001/XMLSchema#string"
    >A comma separated values (CSV) file is a computer data file used for implementing the tried and true organizational tool, the Comma Separated List. The CSV file is used for the digital storage of data structured in a table of lists form. Each line in the CSV file corresponds to a row in the table. Within a line, fields are separated by commas, and each field belongs to one table column. CSV files are often used for moving tabular data between two different computer programs (like moving between a database program and a spreadsheet program).</dc:description>
    <rdfs:label rdf:datatype="http://www.w3.org/2001/XMLSchema#string"
    >CVS Format</rdfs:label>
  </gc:DataFormat>
  <gc:DataFormat rdf:ID="TextFormat">
    <rdfs:label rdf:datatype="http://www.w3.org/2001/XMLSchema#string"
    >Text Format</rdfs:label>
  </gc:DataFormat>
  <gc:DataFormat rdf:ID="ShapefileFormat">
    <dc:description rdf:datatype="http://www.w3.org/2001/XMLSchema#string"
    >The ESRI Shapefile or simply a shapefile is a popular geospatial vector data format for geographic information systems software. It is developed and regulated by ESRI as a (mostly) open specification for data interoperability among ESRI and other software products.[1] A "shapefile" commonly refers to a collection of files with ".shp", ".shx", ".dbf", and other extensions on a common prefix name (e.g., "lakes.*"). The actual shapefile relates specifically to files with the ".shp" extension, however this file alone is incomplete for distribution, as the other supporting files are required. Shapefiles spatially describe geometries: points, polylines, and polygons. These, for example, could represent water wells, rivers, and lakes, respectively. Each item may also have attributes that describe the items, such as the name or temperature [Wikipedia].</dc:description>
    <rdfs:label rdf:datatype="http://www.w3.org/2001/XMLSchema#string"
    >Shapefile Format</rdfs:label>
  </gc:DataFormat>
  <gc:DataFormat rdf:ID="KML-Format">
    <dc:description rdf:datatype="http://www.w3.org/2001/XMLSchema#string"
    >Keyhole Markup Language (KML) is an XML-based language schema for expressing geographic annotation and visualization on existing or future Web-based, two-dimensional maps and three-dimensional Earth browsers.</dc:description>
    <rdfs:label rdf:datatype="http://www.w3.org/2001/XMLSchema#string"
    >KML-Format</rdfs:label>
  </gc:DataFormat>
  <gc:DataFormat rdf:ID="UnstructuredDataFormat">
    <gc:subCategory>
      <gc:DataFormat rdf:ID="HTML-Format">
        <rdfs:label rdf:datatype="http://www.w3.org/2001/XMLSchema#string"
        >HTML Format</rdfs:label>
      </gc:DataFormat>
    </gc:subCategory>
    <rdfs:label rdf:datatype="http://www.w3.org/2001/XMLSchema#string"
    >Unstructured Data Format</rdfs:label>
  </gc:DataFormat>
  <gc:DataFormat rdf:ID="XML-Format">
    <dc:description rdf:datatype="http://www.w3.org/2001/XMLSchema#string"
    >XML (Extensible Markup Language) is a general-purpose specification for creating custom markup languages. It is classified as an extensible language, because it allows the user to define the mark-up elements. XML's purpose is to aid information systems in sharing structured data, especially via the Internet, to encode documents, and to serialize data.</dc:description>
    <rdfs:label rdf:datatype="http://www.w3.org/2001/XMLSchema#string"
    >XML Format</rdfs:label>
  </gc:DataFormat>
  <owl:AnnotationProperty rdf:ID="revision">
    <rdfs:range rdf:resource="http://www.w3.org/2001/XMLSchema#string"/>
  </owl:AnnotationProperty>
  <rdf:Description rdf:about="http://www.w3.org/2001/XMLSchema#dateTime">
    <rdfs:subClassOf rdf:resource="#DateUnion"/>
  </rdf:Description>
  <gc:DataFormat rdf:ID="XSL-Format">
    <rdfs:label rdf:datatype="http://www.w3.org/2001/XMLSchema#string"
    >XSL Format</rdfs:label>
  </gc:DataFormat>
  <gc:DataFormat rdf:ID="KMZ-Format">
    <dc:description rdf:datatype="http://www.w3.org/2001/XMLSchema#string"
    >KML files are very often distributed in KMZ files, which are zipped files with a ".KMZ" extension. When a KMZ file is unzipped, a single "doc.kml" is found along with any overlay and icon images referenced in the KML as well as any network-linked KML files.</dc:description>
    <rdfs:label rdf:datatype="http://www.w3.org/2001/XMLSchema#string"
    >KMZ Format</rdfs:label>
  </gc:DataFormat>
  <gc:DataFormat rdf:ID="RDF-Format">
    <rdfs:label rdf:datatype="http://www.w3.org/2001/XMLSchema#string"
    >RDF Fomat</rdfs:label>
  </gc:DataFormat>
  <owl:Restriction rdf:nodeID="A0">
    <owl:onProperty rdf:resource="http://creativecommons.org/ns#license"/>
    <owl:maxCardinality rdf:datatype="http://www.w3.org/2001/XMLSchema#int"
    >1</owl:maxCardinality>
  </owl:Restriction>
  <owl:Restriction rdf:nodeID="A1">
    <owl:onProperty rdf:resource="#attributedSource"/>
    <owl:allValuesFrom rdf:resource="#AttributedSource"/>
  </owl:Restriction>
  <owl:Restriction rdf:nodeID="A2">
    <owl:onProperty rdf:resource="http://creativecommons.org/ns#license"/>
    <owl:allValuesFrom rdf:resource="http://creativecommons.org/ns#License"/>
  </owl:Restriction>
  <rdf:Description rdf:about="http://www.w3.org/2002/07/owl#Ontology">
    <rdfs:subClassOf rdf:nodeID="A1"/>
    <rdfs:subClassOf rdf:nodeID="A0"/>
    <rdfs:subClassOf rdf:nodeID="A2"/>
  </rdf:Description>
</rdf:RDF>

<!-- Created with TopBraid Composer -->
